filename,name,dob,aadhaar,address
aadhaar_1.pdf,Veda Chokshi,24-05-1958,126062331281,"H.No. 84, Majumdar Chowk, Nanded-166647"
aadhaar_2.pdf,Amruta Memon,30-07-1945,830638555489,"911, Sheth Zila, Chinsurah-447342"
aadhaar_3.pdf,Sanya Talwar,09-12-1992,493108710964,"H.No. 57, Patil Street, Rajpur Sonarpur 369675"
aadhaar_4.pdf,Ekalinga Naik,23-08-1989,068563195280,"H.No. 343, Varkey Road, Mehsana 585777"
aadhaar_5.pdf,Harish Sachar,01-08-1999,220491888226,"987, Walla, Narasaraopet 791584"
aadhaar_6.pdf,Chaman Chaudhari,17-11-1956,662194982596,"76/64, Mane Street, Imphal-962125"
aadhaar_7.pdf,Pallavi Bahl,12-04-1986,143483242219,"H.No. 135, Behl Street, Kota-992978"
aadhaar_8.pdf,Guneet Kaur,05-07-1986,341559646604,"37/026, Lad Path, Tiruchirappalli-794978"
aadhaar_9.pdf,Laksh Oza,04-03-1958,252674762233,"56/984, Shanker Path, Tiruvottiyur-052070"
aadhaar_10.pdf,Ryan Om,11-06-1969,948143009408,"99/92, Tella Chowk, Surendranagar Dudhrej 098945"
aadhaar_11.pdf,Girish Jain,19-04-1995,659811509588,"62/776, Parmar Street, Bangalore 170049"
aadhaar_12.pdf,Ranbir Seshadri,01-09-1960,282083170050,"09/17, Parmer Ganj, Indore-944597"
aadhaar_13.pdf,Daniel Barad,14-01-2003,350943889256,"74/391, Bakshi, Durg-901940"
aadhaar_14.pdf,Ojas Batta,19-10-1986,028016844616,"H.No. 80, Ratti Ganj, Sangli-Miraj & Kupwad-912978"
aadhaar_15.pdf,Henry Sodhi,15-04-1948,687448273423,"36, Garg Street, Loni-557086"
aadhaar_16.pdf,Omkaar Parikh,15-01-2005,517061016386,"35/96, Kota Path, Bhubaneswar-632612"
aadhaar_17.pdf,Ekansh Agarwal,17-03-1951,520614783051,"H.No. 276, Kaur Road, Dehradun-974776"
aadhaar_18.pdf,Urmi Yohannan,17-06-1988,979824891475,"H.No. 019, Mannan Road, Bharatpur 664762"
aadhaar_19.pdf,Chameli Viswanathan,30-08-1953,583694439322,"976, Kibe Marg, Gandhinagar 838514"
aadhaar_20.pdf,Varenya Sagar,17-06-1995,124578071451,"70, Pillay Marg, Berhampore-730719"
